Workbook

Sheet Raw Data
A1: date | B1: channel | C1: campaign_type | D1: product | E1: impressions | F1: clicks | G1: conversions | H1: spend | I1: revenue | J1: ctr | K1: conversion_rate | L1: cac | M1: roas | N1: profit
A2: 45474 | B2: Google Ads | C2: Flash Sale | D2: Premium Plan | E2: 7531 | F2: 253 | G2: 28 | H2: 1035.13 | I2: 4455.7 | J2: 3.36 | K2: 11.07 | L2: 36.97 | M2: 4.3 | N2: 3420.57
A3: 45474 | B3: Facebook Ads | C3: Brand Awareness | D3: Enterprise Plan | E3: 16928 | F3: 430 | G3: 35 | H3: 691.94 | I3: 3394.89 | J3: 2.54 | K3: 8.14 | L3: 19.77 | M3: 4.91 | N3: 2702.95
A4: 45474 | B4: Instagram Ads | C4: Lead Generation | D4: Basic Plan | E4: 14887 | F4: 477 | G4: 35 | H4: 540.66 | I4: 3573.9 | J4: 3.2 | K4: 7.34 | L4: 15.45 | M4: 6.61 | N4: 3033.24
A5: 45474 | B5: LinkedIn Ads | C5: Lead Generation | D5: Premium Plan | E5: 4692 | F5: 85 | G5: 10 | H5: 1297.28 | I5: 2252.89 | J5: 1.81 | K5: 11.76 | L5: 129.73 | M5: 1.74 | N5: 955.61
A6: 45474 | B6: Email Marketing | C6: Flash Sale | D6: Add-on Service | E6: 20769 | F6: 4091 | G6: 395 | H6: 235.19 | I6: 54657.73 | J6: 19.7 | K6: 9.66 | L6: 0.6 | M6: 232.4 | N6: 54422.54
A7: 45474 | B7: Organic Search | C7: Brand Awareness | D7: Add-on Service | E7: 24805 | F7: 1518 | G7: 200 | H7: 0 | I7: 25540.24 | J7: 6.12 | K7: 13.18 | L7: 0 | M7: 0 | N7: 25540.24
A8: 45474 | B8: Display Ads | C8: Retargeting | D8: Premium Plan | E8: 29854 | F8: 413 | G8: 16 | H8: 828.71 | I8: 1769.66 | J8: 1.38 | K8: 3.87 | L8: 51.79 | M8: 2.14 | N8: 940.95
A9: 45474 | B9: YouTube Ads | C9: Brand Awareness | D9: Premium Plan | E9: 17499 | F9: 459 | G9: 32 | H9: 1082.71 | I9: 3496.01 | J9: 2.62 | K9: 6.97 | L9: 33.83 | M9: 3.23 | N9: 2413.3
A10: 45474 | B10: Twitter Ads | C10: Lead Generation | D10: Basic Plan | E10: 11603 | F10: 244 | G10: 8 | H10: 413.72 | I10: 661.74 | J10: 2.1 | K10: 3.28 | L10: 51.72 | M10: 1.6 | N10: 248.02
A11: 45474 | B11: TikTok Ads | C11: Seasonal Promotion | D11: Add-on Service | E11: 21458 | F11: 623 | G11: 24 | H11: 626.76 | I11: 1997.83 | J11: 2.9 | K11: 3.85 | L11: 26.12 | M11: 3.19 | N11: 1371.07
A12: 45474 | B12: Affiliate Marketing | C12: Brand Awareness | D12: Add-on Service | E12: 8244 | F12: 415 | G12: 33 | H12: 441.56 | I12: 3796.5 | J12: 5.03 | K12: 7.95 | L12: 13.38 | M12: 8.6 | N12: 3354.94
A13: 45474 | B13: Referral | C13: Lead Generation | D13: Add-on Service | E13: 4557 | F13: 452 | G13: 70 | H13: 72.75 | I13: 8214.61 | J13: 9.92 | K13: 15.49 | L13: 1.04 | M13: 112.92 | N13: 8141.86
... A5857: 45961 | B5857: Referral | C5857: Product Launch | D5857: Enterprise Plan | E5857: 5541 | F5857: 318 | G5857: 50 | H5857: 52.8 | I5857: 6925.5 | J5857: 5.74 | K5857: 15.72 | L5857: 1.06 | M5857: 131.16 | N5857: 6872.7

Sheet Channel Analysis
A1: Channel | B1: Total Spend | C1: Total Revenue | D1: Conversions | E1: CAC | F1: ROAS | G1: Performance Grade
A2: Email Marketing | B2: =SUMIF('Raw Data'!B:B,A2,'Raw Data'!H:H) -> 92890.46 | C2: =SUMIF('Raw Data'!B:B,A2,'Raw Data'!I:I) -> 26805522 | D2: =SUMIF('Raw Data'!B:B,A2,'Raw Data'!G:G) -> 199147 | E2: =IF(D2=0,0,B2/D2) -> 0.46644167 | F2: =IF(B2=0,0,C2/B2) -> 288.57131 | G2: =IF(F2>=50,"⭐⭐⭐⭐⭐",IF(F2>=10,"⭐⭐⭐⭐",IF(F2>=5,"⭐⭐⭐",IF(F2>=2,"⭐⭐","⭐")))) -> ⭐⭐⭐⭐⭐
A3: Referral | B3: =SUMIF('Raw Data'!B:B,A3,'Raw Data'!H:H) -> 57305.14 | C3: =SUMIF('Raw Data'!B:B,A3,'Raw Data'!I:I) -> 3690164 | D3: =SUMIF('Raw Data'!B:B,A3,'Raw Data'!G:G) -> 24720 | E3: =IF(D3=0,0,B3/D3) -> 2.3181691 | F3: =IF(B3=0,0,C3/B3) -> 64.394991 | G3: =IF(F3>=50,"⭐⭐⭐⭐⭐",IF(F3>=10,"⭐⭐⭐⭐",IF(F3>=5,"⭐⭐⭐",IF(F3>=2,"⭐⭐","⭐")))) -> ⭐⭐⭐⭐⭐
A4: Affiliate Marketing | B4: =SUMIF('Raw Data'!B:B,A4,'Raw Data'!H:H) -> 224387.66 | C4: =SUMIF('Raw Data'!B:B,A4,'Raw Data'!I:I) -> 2497211.8 | D4: =SUMIF('Raw Data'!B:B,A4,'Raw Data'!G:G) -> 19848 | E4: =IF(D4=0,0,B4/D4) -> 11.305303 | F4: =IF(B4=0,0,C4/B4) -> 11.129007 | G4: =IF(F4>=50,"⭐⭐⭐⭐⭐",IF(F4>=10,"⭐⭐⭐⭐",IF(F4>=5,"⭐⭐⭐",IF(F4>=2,"⭐⭐","⭐")))) -> ⭐⭐⭐⭐
A5: Google Ads | B5: =SUMIF('Raw Data'!B:B,A5,'Raw Data'!H:H) -> 517449.92 | C5: =SUMIF('Raw Data'!B:B,A5,'Raw Data'!I:I) -> 3152699.3 | D5: =SUMIF('Raw Data'!B:B,A5,'Raw Data'!G:G) -> 21070 | E5: =IF(D5=0,0,B5/D5) -> 24.55861 | F5: =IF(B5=0,0,C5/B5) -> 6.0927621 | G5: =IF(F5>=50,"⭐⭐⭐⭐⭐",IF(F5>=10,"⭐⭐⭐⭐",IF(F5>=5,"⭐⭐⭐",IF(F5>=2,"⭐⭐","⭐")))) -> ⭐⭐⭐
A6: TikTok Ads | B6: =SUMIF('Raw Data'!B:B,A6,'Raw Data'!H:H) -> 386848.85 | C6: =SUMIF('Raw Data'!B:B,A6,'Raw Data'!I:I) -> 1698171.5 | D6: =SUMIF('Raw Data'!B:B,A6,'Raw Data'!G:G) -> 19019 | E6: =IF(D6=0,0,B6/D6) -> 20.340126 | F6: =IF(B6=0,0,C6/B6) -> 4.3897546 | G6: =IF(F6>=50,"⭐⭐⭐⭐⭐",IF(F6>=10,"⭐⭐⭐⭐",IF(F6>=5,"⭐⭐⭐",IF(F6>=2,"⭐⭐","⭐")))) -> ⭐⭐
A7: Facebook Ads | B7: =SUMIF('Raw Data'!B:B,A7,'Raw Data'!H:H) -> 418177.83 | C7: =SUMIF('Raw Data'!B:B,A7,'Raw Data'!I:I) -> 1747828.6 | D7: =SUMIF('Raw Data'!B:B,A7,'Raw Data'!G:G) -> 15198 | E7: =IF(D7=0,0,B7/D7) -> 27.51532 | F7: =IF(B7=0,0,C7/B7) -> 4.17963 | G7: =IF(F7>=50,"⭐⭐⭐⭐⭐",IF(F7>=10,"⭐⭐⭐⭐",IF(F7>=5,"⭐⭐⭐",IF(F7>=2,"⭐⭐","⭐")))) -> ⭐⭐
A8: Instagram Ads | B8: =SUMIF('Raw Data'!B:B,A8,'Raw Data'!H:H) -> 342496.56 | C8: =SUMIF('Raw Data'!B:B,A8,'Raw Data'!I:I) -> 1315383.5 | D8: =SUMIF('Raw Data'!B:B,A8,'Raw Data'!G:G) -> 13271 | E8: =IF(D8=0,0,B8/D8) -> 25.807894 | F8: =IF(B8=0,0,C8/B8) -> 3.8405742 | G8: =IF(F8>=50,"⭐⭐⭐⭐⭐",IF(F8>=10,"⭐⭐⭐⭐",IF(F8>=5,"⭐⭐⭐",IF(F8>=2,"⭐⭐","⭐")))) -> ⭐⭐
A9: YouTube Ads | B9: =SUMIF('Raw Data'!B:B,A9,'Raw Data'!H:H) -> 504658.71 | C9: =SUMIF('Raw Data'!B:B,A9,'Raw Data'!I:I) -> 1405833.3 | D9: =SUMIF('Raw Data'!B:B,A9,'Raw Data'!G:G) -> 11871 | E9: =IF(D9=0,0,B9/D9) -> 42.511895 | F9: =IF(B9=0,0,C9/B9) -> 2.785711 | G9: =IF(F9>=50,"⭐⭐⭐⭐⭐",IF(F9>=10,"⭐⭐⭐⭐",IF(F9>=5,"⭐⭐⭐",IF(F9>=2,"⭐⭐","⭐")))) -> ⭐⭐
A10: LinkedIn Ads | B10: =SUMIF('Raw Data'!B:B,A10,'Raw Data'!H:H) -> 612392.92 | C10: =SUMIF('Raw Data'!B:B,A10,'Raw Data'!I:I) -> 1456583.3 | D10: =SUMIF('Raw Data'!B:B,A10,'Raw Data'!G:G) -> 5360 | E10: =IF(D10=0,0,B10/D10) -> 114.25241 | F10: =IF(B10=0,0,C10/B10) -> 2.378511 | G10: =IF(F10>=50,"⭐⭐⭐⭐⭐",IF(F10>=10,"⭐⭐⭐⭐",IF(F10>=5,"⭐⭐⭐",IF(F10>=2,"⭐⭐","⭐")))) -> ⭐⭐
A11: Twitter Ads | B11: =SUMIF('Raw Data'!B:B,A11,'Raw Data'!H:H) -> 270659.75 | C11: =SUMIF('Raw Data'!B:B,A11,'Raw Data'!I:I) -> 570018.99 | D11: =SUMIF('Raw Data'!B:B,A11,'Raw Data'!G:G) -> 5914 | E11: =IF(D11=0,0,B11/D11) -> 45.765937 | F11: =IF(B11=0,0,C11/B11) -> 2.1060353 | G11: =IF(F11>=50,"⭐⭐⭐⭐⭐",IF(F11>=10,"⭐⭐⭐⭐",IF(F11>=5,"⭐⭐⭐",IF(F11>=2,"⭐⭐","⭐")))) -> ⭐⭐
A12: Display Ads | B12: =SUMIF('Raw Data'!B:B,A12,'Raw Data'!H:H) -> 458688.42 | C12: =SUMIF('Raw Data'!B:B,A12,'Raw Data'!I:I) -> 796447.39 | D12: =SUMIF('Raw Data'!B:B,A12,'Raw Data'!G:G) -> 7419 | E12: =IF(D12=0,0,B12/D12) -> 61.826179 | F12: =IF(B12=0,0,C12/B12) -> 1.7363582 | G12: =IF(F12>=50,"⭐⭐⭐⭐⭐",IF(F12>=10,"⭐⭐⭐⭐",IF(F12>=5,"⭐⭐⭐",IF(F12>=2,"⭐⭐","⭐")))) -> ⭐
A13: Organic Search | B13: =SUMIF('Raw Data'!B:B,A13,'Raw Data'!H:H) -> 0 | C13: =SUMIF('Raw Data'!B:B,A13,'Raw Data'!I:I) -> 12448364 | D13: =SUMIF('Raw Data'!B:B,A13,'Raw Data'!G:G) -> 98565 | E13: =IF(D13=0,0,B13/D13) -> 0 | F13: =IF(B13=0,0,C13/B13) -> 0 | G13: =IF(F13>=50,"⭐⭐⭐⭐⭐",IF(F13>=10,"⭐⭐⭐⭐",IF(F13>=5,"⭐⭐⭐",IF(F13>=2,"⭐⭐","⭐")))) -> ⭐

Sheet Monthly Trends
A5: Row Labels | B5: Total spend | C5: Total revenue | D5: Total conversions | E5: _ROAS
A6: 2024 | B6: 1548599.4 | C6: 22674386 | D6: 174363 | E6: 14.641867
A7: Jul | B7: 205218.28 | C7: 3126015 | D7: 23698 | E7: 15.232634
A8: Aug | B8: 202474.78 | C8: 2985193 | D8: 22714 | E8: 14.74353
A9: Sep | B9: 232918.78 | C9: 3444765.8 | D9: 26588 | E9: 14.789558
A10: Oct | B10: 246299.58 | C10: 3609059 | D10: 27525 | E10: 14.653127
A11: Nov | B11: 325426.99 | C11: 4695012.8 | D11: 36583 | E11: 14.427239
A12: Dec | B12: 336260.98 | C12: 4814340.4 | D12: 37255 | E12: 14.317273
A13: 2025 | B13: 2337356.8 | C13: 34909841 | D13: 267039 | E13: 14.935606
A14: Jan | B14: 290322.46 | C14: 4594857.8 | D14: 35238 | E14: 15.826739
A15: Feb | B15: 258866.52 | C15: 3975006.4 | D15: 30276 | E15: 15.355429
A16: Mar | B16: 241106.26 | C16: 3590119.4 | D16: 27458 | E16: 14.890196
A17: Apr | B17: 233586.71 | C17: 3379318.4 | D17: 25592 | E17: 14.467083
... A24: Grand Total | B24: 3885956.2 | C24: 57584227 | D24: 441402 | E24: 14.818548

Sheet Budget optimizer
A1: Channel | B1: Current Budget | C1: Current ROAS | D1: Recommendation | E1: New Budget | F1: Budget Change | G1: Expected Impact
A2: Display Ads | B2: 458688.42 | C2: 1.74 | D2: 🔴 CUT BUDGET 50% | E2: =IF(ISNUMBER(SEARCH("CUT",D2)),B2*0.5,IF(ISNUMBER(SEARCH("MAINTAIN",D2)),B2,IF(ISNUMBER(SEARCH("INCREASE 50%",D2)),B2*1.5,IF(ISNUMBER(SEARCH("INCREASE 100%",D2)),B2*2,B2)))) -> 229344.21 | F2: =E2-B2 -> -229344.21 | G2: 796447.39
A3: Twitter Ads | B3: 270659.75 | C3: 2.11 | D3: 🟡 MAINTAIN | E3: =IF(ISNUMBER(SEARCH("CUT",D3)),B3*0.5,IF(ISNUMBER(SEARCH("MAINTAIN",D3)),B3,IF(ISNUMBER(SEARCH("INCREASE 50%",D3)),B3*1.5,IF(ISNUMBER(SEARCH("INCREASE 100%",D3)),B3*2,B3)))) -> 270659.75 | F3: =E3-B3 -> 0 | G3: 570018.99
A4: LinkedIn Ads | B4: 612392.92 | C4: 2.38 | D4: 🟡 MAINTAIN | E4: =IF(ISNUMBER(SEARCH("CUT",D4)),B4*0.5,IF(ISNUMBER(SEARCH("MAINTAIN",D4)),B4,IF(ISNUMBER(SEARCH("INCREASE 50%",D4)),B4*1.5,IF(ISNUMBER(SEARCH("INCREASE 100%",D4)),B4*2,B4)))) -> 612392.92 | F4: =E4-B4 -> 0 | G4: 1456583.3
A5: YouTube Ads | B5: 504658.71 | C5: 2.79 | D5: 🟡 MAINTAIN | E5: =IF(ISNUMBER(SEARCH("CUT",D5)),B5*0.5,IF(ISNUMBER(SEARCH("MAINTAIN",D5)),B5,IF(ISNUMBER(SEARCH("INCREASE 50%",D5)),B5*1.5,IF(ISNUMBER(SEARCH("INCREASE 100%",D5)),B5*2,B5)))) -> 504658.71 | F5: =E5-B5 -> 0 | G5: 1405833.3
A6: Instagram Ads | B6: 342496.56 | C6: 3.84 | D6: 🟡 MAINTAIN | E6: =IF(ISNUMBER(SEARCH("CUT",D6)),B6*0.5,IF(ISNUMBER(SEARCH("MAINTAIN",D6)),B6,IF(ISNUMBER(SEARCH("INCREASE 50%",D6)),B6*1.5,IF(ISNUMBER(SEARCH("INCREASE 100%",D6)),B6*2,B6)))) -> 342496.56 | F6: =E6-B6 -> 0 | G6: 1315383.5
A7: Facebook Ads | B7: 418177.83 | C7: 4.18 | D7: 🟡 MAINTAIN | E7: =IF(ISNUMBER(SEARCH("CUT",D7)),B7*0.5,IF(ISNUMBER(SEARCH("MAINTAIN",D7)),B7,IF(ISNUMBER(SEARCH("INCREASE 50%",D7)),B7*1.5,IF(ISNUMBER(SEARCH("INCREASE 100%",D7)),B7*2,B7)))) -> 418177.83 | F7: =E7-B7 -> 0 | G7: 1747828.6
A8: TikTok Ads | B8: 386848.85 | C8: 4.39 | D8: 🟡 MAINTAIN | E8: =IF(ISNUMBER(SEARCH("CUT",D8)),B8*0.5,IF(ISNUMBER(SEARCH("MAINTAIN",D8)),B8,IF(ISNUMBER(SEARCH("INCREASE 50%",D8)),B8*1.5,IF(ISNUMBER(SEARCH("INCREASE 100%",D8)),B8*2,B8)))) -> 386848.85 | F8: =E8-B8 -> 0 | G8: 1698171.5
A9: Google Ads | B9: 517449.92 | C9: 6.09 | D9: 🟡 MAINTAIN | E9: =IF(ISNUMBER(SEARCH("CUT",D9)),B9*0.5,IF(ISNUMBER(SEARCH("MAINTAIN",D9)),B9,IF(ISNUMBER(SEARCH("INCREASE 50%",D9)),B9*1.5,IF(ISNUMBER(SEARCH("INCREASE 100%",D9)),B9*2,B9)))) -> 517449.92 | F9: =E9-B9 -> 0 | G9: 3152699.2
A10: Affiliate Marketing | B10: 224387.66 | C10: 11.13 | D10: 🟢 INCREASE 50% | E10: =IF(ISNUMBER(SEARCH("CUT",D10)),B10*0.5,IF(ISNUMBER(SEARCH("MAINTAIN",D10)),B10,IF(ISNUMBER(SEARCH("INCREASE 50%",D10)),B10*1.5,IF(ISNUMBER(SEARCH("INCREASE 100%",D10)),B10*2,B10)))) -> 336581.49 | F10: =E10-B10 -> 112193.83 | G10: 2497211.8
A11: Referral | B11: 57305.14 | C11: 64.39 | D11: 🟢 INCREASE 100% | E11: =IF(ISNUMBER(SEARCH("CUT",D11)),B11*0.5,IF(ISNUMBER(SEARCH("MAINTAIN",D11)),B11,IF(ISNUMBER(SEARCH("INCREASE 50%",D11)),B11*1.5,IF(ISNUMBER(SEARCH("INCREASE 100%",D11)),B11*2,B11)))) -> 114610.28 | F11: =E11-B11 -> 57305.14 | G11: 3690164
A12: Email Marketing | B12: 92890.46 | C12: 288.57 | D12: 🟢 INCREASE 100% | E12: =IF(ISNUMBER(SEARCH("CUT",D12)),B12*0.5,IF(ISNUMBER(SEARCH("MAINTAIN",D12)),B12,IF(ISNUMBER(SEARCH("INCREASE 50%",D12)),B12*1.5,IF(ISNUMBER(SEARCH("INCREASE 100%",D12)),B12*2,B12)))) -> 185780.92 | F12: =E12-B12 -> 92890.46 | G12: 26805522
A15: BUDGET REALLOCATION IMPACT ANALYSIS
A17: Metric | B17: Value
A18: Total Budget Reduction | B18: =SUMIF(F2:F12,"<0",F2:F12) -> -229344.21
A19: Total Budget Increase | B19: =SUMIF(F2:F12,">0",F2:F12) -> 262389.43
A20: Net Budget Change | B20: =SUM(F2:F12) -> 33045.22
A21: Expected Revenue Lift | B21: {=SUMPRODUCT((E2:E12-B2:B12),C2:C12)} -> 31344936
A22: ROI Improvement | B22: 0.15
A23: Implementation Timeline | B23: Immediate

Sheet Dashboard
A1: Total Spend | D1: Total Revenue | G1: Overall ROAS | J1: Total Conversions
A6: =SUM('Raw Data'!H:H) -> 3885956.2 | D6: =SUM('Raw Data'!I:I) -> 57584227 | G6: =SUM('Raw Data'!I:I)/SUM('Raw Data'!H:H) -> 14.818548 | J6: =SUM('Raw Data'!G:G) -> 441402
A40: KEY INSIGHTS
A43: $229K budget reallocation from Display Ads to Email Marketing projected
A45: Increased revenue by $15M+ (15% ROI improvement) ```
